Año_de_Fecha;cod_prov;Día_Fecha;Mes_Fecha;Máx_casos_acumulados;Sum_casos_acumulados
2020;Santo Domingo de los Tsáchilas;19;marzo;1;
2020;Santo Domingo de los Tsáchilas;19;marzo;1;1
2020;Santo Domingo de los Tsáchilas;20;marzo;1;
2020;Santo Domingo de los Tsáchilas;20;marzo;1;1
2020;Santo Domingo de los Tsáchilas;21;marzo;4;
2020;Santo Domingo de los Tsáchilas;21;marzo;4;4
2020;Santo Domingo de los Tsáchilas;22;marzo;4;
2020;Santo Domingo de los Tsáchilas;22;marzo;4;4
2020;Santo Domingo de los Tsáchilas;23;marzo;7;
2020;Santo Domingo de los Tsáchilas;23;marzo;7;7
2020;Santo Domingo de los Tsáchilas;24;marzo;7;
2020;Santo Domingo de los Tsáchilas;24;marzo;7;7
2020;Santo Domingo de los Tsáchilas;25;marzo;7;
2020;Santo Domingo de los Tsáchilas;25;marzo;7;7
2020;Santo Domingo de los Tsáchilas;26;marzo;8;
2020;Santo Domingo de los Tsáchilas;26;marzo;8;8
2020;Santo Domingo de los Tsáchilas;27;marzo;9;
2020;Santo Domingo de los Tsáchilas;27;marzo;9;9
2020;Santo Domingo de los Tsáchilas;28;marzo;15;
2020;Santo Domingo de los Tsáchilas;28;marzo;15;15
2020;Santo Domingo de los Tsáchilas;29;marzo;15;
2020;Santo Domingo de los Tsáchilas;29;marzo;15;15
2020;Santo Domingo de los Tsáchilas;30;marzo;15;
2020;Santo Domingo de los Tsáchilas;30;marzo;15;15
2020;Santo Domingo de los Tsáchilas;31;marzo;18;
2020;Santo Domingo de los Tsáchilas;31;marzo;18;18
2020;Santo Domingo de los Tsáchilas;1;abril;19;
2020;Santo Domingo de los Tsáchilas;1;abril;19;19
2020;Santo Domingo de los Tsáchilas;2;abril;24;
2020;Santo Domingo de los Tsáchilas;2;abril;24;24
2020;Santo Domingo de los Tsáchilas;3;abril;26;
2020;Santo Domingo de los Tsáchilas;3;abril;26;26
2020;Santo Domingo de los Tsáchilas;4;abril;31;
2020;Santo Domingo de los Tsáchilas;4;abril;31;31
2020;Santo Domingo de los Tsáchilas;5;abril;34;
2020;Santo Domingo de los Tsáchilas;5;abril;34;34
2020;Santo Domingo de los Tsáchilas;6;abril;36;
2020;Santo Domingo de los Tsáchilas;6;abril;36;36
2020;Santo Domingo de los Tsáchilas;7;abril;43;
2020;Santo Domingo de los Tsáchilas;7;abril;43;43
2020;Santo Domingo de los Tsáchilas;8;abril;44;
2020;Santo Domingo de los Tsáchilas;8;abril;44;44
2020;Santo Domingo de los Tsáchilas;9;abril;46;
2020;Santo Domingo de los Tsáchilas;9;abril;46;46
2020;Santo Domingo de los Tsáchilas;10;abril;51;
2020;Santo Domingo de los Tsáchilas;10;abril;51;51
2020;Santo Domingo de los Tsáchilas;11;abril;55;
2020;Santo Domingo de los Tsáchilas;11;abril;55;55
2020;Santo Domingo de los Tsáchilas;12;abril;60;
2020;Santo Domingo de los Tsáchilas;12;abril;60;60
2020;Santo Domingo de los Tsáchilas;13;abril;65;
2020;Santo Domingo de los Tsáchilas;13;abril;65;65
2020;Santo Domingo de los Tsáchilas;14;abril;66;
2020;Santo Domingo de los Tsáchilas;14;abril;66;66
2020;Santo Domingo de los Tsáchilas;15;abril;67;
2020;Santo Domingo de los Tsáchilas;15;abril;67;67
2020;Santo Domingo de los Tsáchilas;16;abril;68;
2020;Santo Domingo de los Tsáchilas;16;abril;68;68
2020;Santo Domingo de los Tsáchilas;17;abril;76;
2020;Santo Domingo de los Tsáchilas;17;abril;76;76
2020;Santo Domingo de los Tsáchilas;18;abril;79;
2020;Santo Domingo de los Tsáchilas;18;abril;79;79
2020;Santo Domingo de los Tsáchilas;19;abril;81;
2020;Santo Domingo de los Tsáchilas;19;abril;81;81
2020;Santo Domingo de los Tsáchilas;20;abril;94;
2020;Santo Domingo de los Tsáchilas;20;abril;94;94
2020;Santo Domingo de los Tsáchilas;21;abril;94;
2020;Santo Domingo de los Tsáchilas;21;abril;94;94
2020;Santo Domingo de los Tsáchilas;22;abril;97;
2020;Santo Domingo de los Tsáchilas;22;abril;97;97
2020;Santo Domingo de los Tsáchilas;23;abril;123;
2020;Santo Domingo de los Tsáchilas;23;abril;123;123
2020;Santo Domingo de los Tsáchilas;25;abril;123;
2020;Santo Domingo de los Tsáchilas;25;abril;123;123
2020;Santo Domingo de los Tsáchilas;26;abril;123;
2020;Santo Domingo de los Tsáchilas;26;abril;123;123
2020;Santo Domingo de los Tsáchilas;27;abril;138;
2020;Santo Domingo de los Tsáchilas;27;abril;138;138
2020;Santo Domingo de los Tsáchilas;28;abril;179;
2020;Santo Domingo de los Tsáchilas;28;abril;179;179
2020;Santo Domingo de los Tsáchilas;29;abril;180;
2020;Santo Domingo de los Tsáchilas;29;abril;180;180
2020;Santo Domingo de los Tsáchilas;24;abril;197;
2020;Santo Domingo de los Tsáchilas;24;abril;197;197
2020;Santo Domingo de los Tsáchilas;30;abril;202;
2020;Santo Domingo de los Tsáchilas;30;abril;202;202
2020;Santo Domingo de los Tsáchilas;1;mayo;244;
2020;Santo Domingo de los Tsáchilas;1;mayo;244;244
2020;Santo Domingo de los Tsáchilas;2;mayo;285;
2020;Santo Domingo de los Tsáchilas;2;mayo;285;285
2020;Santo Domingo de los Tsáchilas;4;mayo;313;
2020;Santo Domingo de los Tsáchilas;4;mayo;313;313
2020;Santo Domingo de los Tsáchilas;3;mayo;324;
2020;Santo Domingo de los Tsáchilas;3;mayo;324;324
2020;Santo Domingo de los Tsáchilas;6;mayo;331;
2020;Santo Domingo de los Tsáchilas;6;mayo;331;331
2020;Santo Domingo de los Tsáchilas;7;mayo;332;
2020;Santo Domingo de los Tsáchilas;7;mayo;332;332
2020;Santo Domingo de los Tsáchilas;8;mayo;353;
2020;Santo Domingo de los Tsáchilas;8;mayo;353;353
2020;Santo Domingo de los Tsáchilas;9;mayo;379;
2020;Santo Domingo de los Tsáchilas;9;mayo;379;379
2020;Santo Domingo de los Tsáchilas;11;mayo;385;
2020;Santo Domingo de los Tsáchilas;11;mayo;385;385
2020;Santo Domingo de los Tsáchilas;10;mayo;389;
2020;Santo Domingo de los Tsáchilas;10;mayo;389;389
2020;Santo Domingo de los Tsáchilas;12;mayo;488;
2020;Santo Domingo de los Tsáchilas;12;mayo;488;488
2020;Santo Domingo de los Tsáchilas;13;mayo;488;
2020;Santo Domingo de los Tsáchilas;13;mayo;488;488
2020;Santo Domingo de los Tsáchilas;14;mayo;488;
2020;Santo Domingo de los Tsáchilas;14;mayo;488;488
2020;Santo Domingo de los Tsáchilas;15;mayo;553;
2020;Santo Domingo de los Tsáchilas;15;mayo;553;553
2020;Santo Domingo de los Tsáchilas;16;mayo;558;
2020;Santo Domingo de los Tsáchilas;16;mayo;558;558
2020;Santo Domingo de los Tsáchilas;17;mayo;576;
2020;Santo Domingo de los Tsáchilas;17;mayo;576;576
2020;Santo Domingo de los Tsáchilas;18;mayo;588;
2020;Santo Domingo de los Tsáchilas;18;mayo;588;588
2020;Santo Domingo de los Tsáchilas;19;mayo;626;
2020;Santo Domingo de los Tsáchilas;19;mayo;626;626
2020;Santo Domingo de los Tsáchilas;20;mayo;656;
2020;Santo Domingo de los Tsáchilas;20;mayo;656;656
2020;Santo Domingo de los Tsáchilas;21;mayo;699;
2020;Santo Domingo de los Tsáchilas;21;mayo;699;699
2020;Santo Domingo de los Tsáchilas;22;mayo;745;
2020;Santo Domingo de los Tsáchilas;22;mayo;745;745
2020;Santo Domingo de los Tsáchilas;23;mayo;781;
2020;Santo Domingo de los Tsáchilas;23;mayo;781;781
2020;Santo Domingo de los Tsáchilas;24;mayo;800;
2020;Santo Domingo de los Tsáchilas;24;mayo;800;800
2020;Santo Domingo de los Tsáchilas;25;mayo;889;
2020;Santo Domingo de los Tsáchilas;25;mayo;889;889
2020;Santo Domingo de los Tsáchilas;26;mayo;908;
2020;Santo Domingo de los Tsáchilas;26;mayo;908;908
2020;Santo Domingo de los Tsáchilas;27;mayo;928;
2020;Santo Domingo de los Tsáchilas;27;mayo;928;928
2020;Santo Domingo de los Tsáchilas;28;mayo;944;
2020;Santo Domingo de los Tsáchilas;28;mayo;944;944
2020;Santo Domingo de los Tsáchilas;29;mayo;944;
2020;Santo Domingo de los Tsáchilas;29;mayo;944;944
2020;Santo Domingo de los Tsáchilas;30;mayo;944;
2020;Santo Domingo de los Tsáchilas;30;mayo;944;944
2020;Santo Domingo de los Tsáchilas;31;mayo;1043;
2020;Santo Domingo de los Tsáchilas;31;mayo;1043;1043
2020;Santo Domingo de los Tsáchilas;1;junio;1095;
2020;Santo Domingo de los Tsáchilas;1;junio;1095;1095
2020;Santo Domingo de los Tsáchilas;2;junio;1111;
2020;Santo Domingo de los Tsáchilas;2;junio;1111;1111
2020;Santo Domingo de los Tsáchilas;3;junio;1138;
2020;Santo Domingo de los Tsáchilas;3;junio;1od138;1138
2020;Santo Domingo de los Tsáchilas;4;junio;1150;
2020;Santo Domingo de los Tsáchilas;4;junio;1150;1150
2020;Santo Domingo de los Tsáchilas;5;junio;1158;
2020;Santo Domingo de los Tsáchilas;5;junio;1158;1158
2020;Santo Domingo de los Tsáchilas;6;junio;1179;
2020;Santo Domingo de los Tsáchilas;6;junio;1179;1179
2020;Santo Domingo de los Tsáchilas;7;junio;1195;
2020;Santo Domingo de los Tsáchilas;7;junio;1195;1195
2020;Santo Domingo de los Tsáchilas;8;junio;1215;
2020;Santo Domingo de los Tsáchilas;8;junio;1215;1215
2020;Santo Domingo de los Tsáchilas;9;junio;1228;
2020;Santo Domingo de los Tsáchilas;9;junio;1228;1228
2020;Santo Domingo de los Tsáchilas;10;junio;1250;
2020;Santo Domingo de los Tsáchilas;10;junio;1250;1250
2020;Santo Domingo de los Tsáchilas;11;junio;1283;
2020;Santo Domingo de los Tsáchilas;11;junio;1283;1283
2020;Santo Domingo de los Tsáchilas;12;junio;1314;
2020;Santo Domingo de los Tsáchilas;12;junio;1314;1314
2020;Santo Domingo de los Tsáchilas;13;junio;1364;
2020;Santo Domingo de los Tsáchilas;13;junio;1364;1364
2020;Santo Domingo de los Tsáchilas;14;junio;1386;
2020;Santo Domingo de los Tsáchilas;14;junio;1386;1386
2020;Santo Domingo de los Tsáchilas;15;junio;1398;
2020;Santo Domingo de los Tsáchilas;15;junio;1398;1398
2020;Santo Domingo de los Tsáchilas;16;junio;1448;
2020;Santo Domingo de los Tsáchilas;16;junio;1448;1448
2020;Santo Domingo de los Tsáchilas;17;junio;1495;
2020;Santo Domingo de los Tsáchilas;17;junio;1495;1495
2020;Santo Domingo de los Tsáchilas;18;junio;1537;
2020;Santo Domingo de los Tsáchilas;18;junio;1537;1537
2020;Santo Domingo de los Tsáchilas;19;junio;1558;
2020;Santo Domingo de los Tsáchilas;19;junio;1558;1558
2020;Santo Domingo de los Tsáchilas;20;junio;1664;
2020;Santo Domingo de los Tsáchilas;20;junio;1664;1664
2020;Santo Domingo de los Tsáchilas;21;junio;1707;
2020;Santo Domingo de los Tsáchilas;21;junio;1707;1707
2020;Santo Domingo de los Tsáchilas;22;junio;1708;
2020;Santo Domingo de los Tsáchilas;22;junio;1708;1708
2020;Santo Domingo de los Tsáchilas;23;junio;1733;
2020;Santo Domingo de los Tsáchilas;23;junio;1733;1733
2020;Santo Domingo de los Tsáchilas;24;junio;1770;
2020;Santo Domingo de los Tsáchilas;24;junio;1770;1770
2020;Santo Domingo de los Tsáchilas;25;junio;1810;
2020;Santo Domingo de los Tsáchilas;25;junio;1810;1810
2020;Santo Domingo de los Tsáchilas;26;junio;1855;
2020;Santo Domingo de los Tsáchilas;26;junio;1855;1855
2020;Santo Domingo de los Tsáchilas;27;junio;1912;
2020;Santo Domingo de los Tsáchilas;27;junio;1912;1912
2020;Santo Domingo de los Tsáchilas;28;junio;1936;
2020;Santo Domingo de los Tsáchilas;28;junio;1936;1936
2020;Santo Domingo de los Tsáchilas;29;junio;1973;
2020;Santo Domingo de los Tsáchilas;29;junio;1973;1973
2020;Santo Domingo de los Tsáchilas;30;junio;1997;
2020;Santo Domingo de los Tsáchilas;30;junio;1997;1997
2020;Santo Domingo de los Tsáchilas;1;julio;2039;
2020;Santo Domingo de los Tsáchilas;1;julio;2039;2039
2020;Santo Domingo de los Tsáchilas;2;julio;2151;
2020;Santo Domingo de los Tsáchilas;2;julio;2151;2151
2020;Santo Domingo de los Tsáchilas;3;julio;2197;
2020;Santo Domingo de los Tsáchilas;3;julio;2197;2197
2020;Santo Domingo de los Tsáchilas;4;julio;2269;
2020;Santo Domingo de los Tsáchilas;4;julio;2269;2269
2020;Santo Domingo de los Tsáchilas;5;julio;2294;
2020;Santo Domingo de los Tsáchilas;5;julio;2294;2294
2020;Santo Domingo de los Tsáchilas;6;julio;2344;
2020;Santo Domingo de los Tsáchilas;6;julio;2344;2344
2020;Santo Domingo de los Tsáchilas;7;julio;2407;
2020;Santo Domingo de los Tsáchilas;7;julio;2407;2407
2020;Santo Domingo de los Tsáchilas;8;julio;2425;
2020;Santo Domingo de los Tsáchilas;8;julio;2425;2425
2020;Santo Domingo de los Tsáchilas;9;julio;2467;
2020;Santo Domingo de los Tsáchilas;9;julio;2467;2467
2020;Santo Domingo de los Tsáchilas;10;julio;2473;
2020;Santo Domingo de los Tsáchilas;10;julio;2473;2473
2020;Santo Domingo de los Tsáchilas;11;julio;2533;
2020;Santo Domingo de los Tsáchilas;11;julio;2533;2533
2020;Santo Domingo de los Tsáchilas;12;julio;2554;
2020;Santo Domingo de los Tsáchilas;12;julio;2554;2554
2020;Santo Domingo de los Tsáchilas;13;julio;2571;
2020;Santo Domingo de los Tsáchilas;13;julio;2571;2571
2020;Santo Domingo de los Tsáchilas;14;julio;2638;
2020;Santo Domingo de los Tsáchilas;14;julio;2638;2638
2020;Santo Domingo de los Tsáchilas;15;julio;2685;
2020;Santo Domingo de los Tsáchilas;15;julio;2685;2685
2020;Santo Domingo de los Tsáchilas;16;julio;2769;
2020;Santo Domingo de los Tsáchilas;16;julio;2769;2769
2020;Santo Domingo de los Tsáchilas;17;julio;2808;
2020;Santo Domingo de los Tsáchilas;17;julio;2808;2808
2020;Santo Domingo de los Tsáchilas;18;julio;2849;
2020;Santo Domingo de los Tsáchilas;18;julio;2849;2849
2020;Santo Domingo de los Tsáchilas;19;julio;2874;
2020;Santo Domingo de los Tsáchilas;19;julio;2874;2874
2020;Santo Domingo de los Tsáchilas;20;julio;2878;
2020;Santo Domingo de los Tsáchilas;20;julio;2878;2878
2020;Santo Domingo de los Tsáchilas;21;julio;2967;
2020;Santo Domingo de los Tsáchilas;21;julio;2967;2967
2020;Santo Domingo de los Tsáchilas;22;julio;2983;
2020;Santo Domingo de los Tsáchilas;22;julio;2983;2983
2020;Santo Domingo de los Tsáchilas;23;julio;2996;
2020;Santo Domingo de los Tsáchilas;23;julio;2996;2996
2020;Santo Domingo de los Tsáchilas;24;julio;3069;
2020;Santo Domingo de los Tsáchilas;24;julio;3069;3069
2020;Santo Domingo de los Tsáchilas;25;julio;3120;
2020;Santo Domingo de los Tsáchilas;25;julio;3120;3120
2020;Santo Domingo de los Tsáchilas;26;julio;3162;
2020;Santo Domingo de los Tsáchilas;26;julio;3162;3162
2020;Santo Domingo de los Tsáchilas;27;julio;3250;
2020;Santo Domingo de los Tsáchilas;27;julio;3250;3250
2020;Santo Domingo de los Tsáchilas;28;julio;3322;
2020;Santo Domingo de los Tsáchilas;28;julio;3322;3322
2020;Santo Domingo de los Tsáchilas;29;julio;3454;
2020;Santo Domingo de los Tsáchilas;29;julio;3454;3454
2020;Santo Domingo de los Tsáchilas;30;julio;3548;
2020;Santo Domingo de los Tsáchilas;30;julio;3548;3548
2020;Santo Domingo de los Tsáchilas;31;julio;3674;
2020;Santo Domingo de los Tsáchilas;31;julio;3674;3674
2020;Santo Domingo de los Tsáchilas;1;agosto;3679;
2020;Santo Domingo de los Tsáchilas;1;agosto;3679;3679
2020;Santo Domingo de los Tsáchilas;2;agosto;3715;
2020;Santo Domingo de los Tsáchilas;2;agosto;3715;3715
2020;Santo Domingo de los Tsáchilas;3;agosto;3768;
2020;Santo Domingo de los Tsáchilas;3;agosto;3768;3768
2020;Santo Domingo de los Tsáchilas;4;agosto;3774;
2020;Santo Domingo de los Tsáchilas;4;agosto;3774;3774
2020;Santo Domingo de los Tsáchilas;5;agosto;3795;
2020;Santo Domingo de los Tsáchilas;5;agosto;3795;3795
2020;Santo Domingo de los Tsáchilas;6;agosto;3799;
2020;Santo Domingo de los Tsáchilas;6;agosto;3799;3799
2020;Santo Domingo de los Tsáchilas;7;agosto;3837;
2020;Santo Domingo de los Tsáchilas;7;agosto;3837;3837
2020;Santo Domingo de los Tsáchilas;8;agosto;3921;
2020;Santo Domingo de los Tsáchilas;8;agosto;3921;3921
2020;Santo Domingo de los Tsáchilas;9;agosto;4006;
2020;Santo Domingo de los Tsáchilas;9;agosto;4006;4006
2020;Santo Domingo de los Tsáchilas;10;agosto;4009;
2020;Santo Domingo de los Tsáchilas;10;agosto;4009;4009
2020;Santo Domingo de los Tsáchilas;11;agosto;4053;
2020;Santo Domingo de los Tsáchilas;11;agosto;4053;4053
2020;Santo Domingo de los Tsáchilas;12;agosto;4120;
2020;Santo Domingo de los Tsáchilas;12;agosto;4120;4120
2020;Santo Domingo de los Tsáchilas;13;agosto;4140;
2020;Santo Domingo de los Tsáchilas;13;agosto;4140;4140
2020;Santo Domingo de los Tsáchilas;14;agosto;4167;
2020;Santo Domingo de los Tsáchilas;14;agosto;4167;4167
2020;Santo Domingo de los Tsáchilas;15;agosto;4203;
2020;Santo Domingo de los Tsáchilas;15;agosto;4203;4203
2020;Santo Domingo de los Tsáchilas;16;agosto;4254;
2020;Santo Domingo de los Tsáchilas;16;agosto;4254;4254
2020;Santo Domingo de los Tsáchilas;17;agosto;4262;
2020;Santo Domingo de los Tsáchilas;17;agosto;4262;4262
2020;Santo Domingo de los Tsáchilas;18;agosto;4265;
2020;Santo Domingo de los Tsáchilas;18;agosto;4265;4265
2020;Santo Domingo de los Tsáchilas;19;agosto;4275;
2020;Santo Domingo de los Tsáchilas;19;agosto;4275;4275
2020;Santo Domingo de los Tsáchilas;20;agosto;4298;
2020;Santo Domingo de los Tsáchilas;20;agosto;4298;4298
2020;Santo Domingo de los Tsáchilas;21;agosto;4312;
2020;Santo Domingo de los Tsáchilas;21;agosto;4312;4312
2020;Santo Domingo de los Tsáchilas;22;agosto;4329;
2020;Santo Domingo de los Tsáchilas;22;agosto;4329;4329
2020;Santo Domingo de los Tsáchilas;23;agosto;4345;
2020;Santo Domingo de los Tsáchilas;23;agosto;4345;4345
2020;Santo Domingo de los Tsáchilas;24;agosto;4385;
2020;Santo Domingo de los Tsáchilas;24;agosto;4385;4385
2020;Santo Domingo de los Tsáchilas;25;agosto;4408;
2020;Santo Domingo de los Tsáchilas;25;agosto;4408;4408
2020;Santo Domingo de los Tsáchilas;26;agosto;4432;
2020;Santo Domingo de los Tsáchilas;26;agosto;4432;4432
2020;Santo Domingo de los Tsáchilas;27;agosto;4443;
2020;Santo Domingo de los Tsáchilas;27;agosto;4443;4443
2020;Santo Domingo de los Tsáchilas;28;agosto;4466;
2020;Santo Domingo de los Tsáchilas;28;agosto;4466;4466
2020;Santo Domingo de los Tsáchilas;29;agosto;4498;
2020;Santo Domingo de los Tsáchilas;29;agosto;4498;4498
2020;Santo Domingo de los Tsáchilas;30;agosto;4501;
2020;Santo Domingo de los Tsáchilas;30;agosto;4501;4501
2020;Santo Domingo de los Tsáchilas;31;agosto;4505;
2020;Santo Domingo de los Tsáchilas;31;agosto;4505;4505
2020;Santo Domingo de los Tsáchilas;1;septiembre;4514;
2020;Santo Domingo de los Tsáchilas;1;septiembre;4514;4514
2020;Santo Domingo de los Tsáchilas;2;septiembre;4528;
2020;Santo Domingo de los Tsáchilas;2;septiembre;4528;4528
2020;Santo Domingo de los Tsáchilas;3;septiembre;4552;
2020;Santo Domingo de los Tsáchilas;3;septiembre;4552;4552
2020;Santo Domingo de los Tsáchilas;4;septiembre;4560;
2020;Santo Domingo de los Tsáchilas;4;septiembre;4560;4560
2020;Santo Domingo de los Tsáchilas;5;septiembre;4580;
2020;Santo Domingo de los Tsáchilas;5;septiembre;4580;4580
2020;Santo Domingo de los Tsáchilas;6;septiembre;4580;
2020;Santo Domingo de los Tsáchilas;6;septiembre;4580;4580
2020;Santo Domingo de los Tsáchilas;7;septiembre;4589;
2020;Santo Domingo de los Tsáchilas;7;septiembre;4589;4589
2020;Santo Domingo de los Tsáchilas;8;septiembre;4595;
2020;Santo Domingo de los Tsáchilas;8;septiembre;4595;4595
2020;Santo Domingo de los Tsáchilas;9;septiembre;4640;
2020;Santo Domingo de los Tsáchilas;9;septiembre;4640;4640
2020;Santo Domingo de los Tsáchilas;10;septiembre;4656;
2020;Santo Domingo de los Tsáchilas;10;septiembre;4656;4656
2020;Santo Domingo de los Tsáchilas;11;septiembre;4670;
2020;Santo Domingo de los Tsáchilas;11;septiembre;4670;4670
2020;Santo Domingo de los Tsáchilas;12;septiembre;4702;
2020;Santo Domingo de los Tsáchilas;12;septiembre;4702;4702
2020;Santo Domingo de los Tsáchilas;13;septiembre;4714;
2020;Santo Domingo de los Tsáchilas;13;septiembre;4714;4714
2020;Santo Domingo de los Tsáchilas;14;septiembre;4717;
2020;Santo Domingo de los Tsáchilas;14;septiembre;4717;4717
2020;Santo Domingo de los Tsáchilas;15;septiembre;4719;
2020;Santo Domingo de los Tsáchilas;15;septiembre;4719;4719
2020;Santo Domingo de los Tsáchilas;16;septiembre;4743;
2020;Santo Domingo de los Tsáchilas;16;septiembre;4743;4743
2020;Santo Domingo de los Tsáchilas;17;septiembre;4748;
2020;Santo Domingo de los Tsáchilas;17;septiembre;4748;4748
2020;Santo Domingo de los Tsáchilas;18;septiembre;4749;
2020;Santo Domingo de los Tsáchilas;18;septiembre;4749;4749
2020;Santo Domingo de los Tsáchilas;19;septiembre;4754;
2020;Santo Domingo de los Tsáchilas;19;septiembre;4754;4754
2020;Santo Domingo de los Tsáchilas;20;septiembre;4762;
2020;Santo Domingo de los Tsáchilas;20;septiembre;4762;4762
2020;Santo Domingo de los Tsáchilas;21;septiembre;4763;
2020;Santo Domingo de los Tsáchilas;21;septiembre;4763;4763
2020;Santo Domingo de los Tsáchilas;22;septiembre;4776;
2020;Santo Domingo de los Tsáchilas;22;septiembre;4776;4776
2020;Santo Domingo de los Tsáchilas;23;septiembre;4803;
2020;Santo Domingo de los Tsáchilas;23;septiembre;4803;4803
2020;Santo Domingo de los Tsáchilas;24;septiembre;4815;
2020;Santo Domingo de los Tsáchilas;24;septiembre;4815;4815
2020;Santo Domingo de los Tsáchilas;25;septiembre;4836;
2020;Santo Domingo de los Tsáchilas;25;septiembre;4836;4836
2020;Santo Domingo de los Tsáchilas;26;septiembre;4844;
2020;Santo Domingo de los Tsáchilas;26;septiembre;4844;4844
2020;Santo Domingo de los Tsáchilas;27;septiembre;4863;
2020;Santo Domingo de los Tsáchilas;27;septiembre;4863;4863
2020;Santo Domingo de los Tsáchilas;28;septiembre;4864;
2020;Santo Domingo de los Tsáchilas;28;septiembre;4864;4864
2020;Santo Domingo de los Tsáchilas;29;septiembre;4877;
2020;Santo Domingo de los Tsáchilas;29;septiembre;4877;4877
2020;Santo Domingo de los Tsáchilas;30;septiembre;4902;
2020;Santo Domingo de los Tsáchilas;30;septiembre;4902;4902
2020;Santo Domingo de los Tsáchilas;1;octubre;4915;
2020;Santo Domingo de los Tsáchilas;1;octubre;4915;4915
2020;Santo Domingo de los Tsáchilas;2;octubre;4935;
2020;Santo Domingo de los Tsáchilas;2;octubre;4935;4935
2020;Santo Domingo de los Tsáchilas;3;octubre;4947;
2020;Santo Domingo de los Tsáchilas;3;octubre;4947;4947
2020;Santo Domingo de los Tsáchilas;4;octubre;4952;
2020;Santo Domingo de los Tsáchilas;4;octubre;4952;4952
2020;Santo Domingo de los Tsáchilas;5;octubre;4959;
2020;Santo Domingo de los Tsáchilas;5;octubre;4959;4959
2020;Santo Domingo de los Tsáchilas;6;octubre;4969;
2020;Santo Domingo de los Tsáchilas;6;octubre;4969;4969
2020;Santo Domingo de los Tsáchilas;7;octubre;4991;
2020;Santo Domingo de los Tsáchilas;7;octubre;4991;4991
2020;Santo Domingo de los Tsáchilas;8;octubre;4993;
2020;Santo Domingo de los Tsáchilas;8;octubre;4993;4993
2020;Santo Domingo de los Tsáchilas;9;octubre;5000;
2020;Santo Domingo de los Tsáchilas;9;octubre;5000;5000
2020;Santo Domingo de los Tsáchilas;10;octubre;5007;
2020;Santo Domingo de los Tsáchilas;10;octubre;5007;5007
2020;Santo Domingo de los Tsáchilas;11;octubre;5007;
2020;Santo Domingo de los Tsáchilas;11;octubre;5007;5007
2020;Santo Domingo de los Tsáchilas;12;octubre;5012;
2020;Santo Domingo de los Tsáchilas;12;octubre;5012;5012
2020;Santo Domingo de los Tsáchilas;13;octubre;5022;
2020;Santo Domingo de los Tsáchilas;13;octubre;5022;5022
2020;Santo Domingo de los Tsáchilas;14;octubre;5029;
2020;Santo Domingo de los Tsáchilas;14;octubre;5029;5029
2020;Santo Domingo de los Tsáchilas;15;octubre;5063;
2020;Santo Domingo de los Tsáchilas;15;octubre;5063;5063
2020;Santo Domingo de los Tsáchilas;16;octubre;5087;
2020;Santo Domingo de los Tsáchilas;16;octubre;5087;5087
2020;Santo Domingo de los Tsáchilas;17;octubre;5097;
2020;Santo Domingo de los Tsáchilas;17;octubre;5097;5097
2020;Santo Domingo de los Tsáchilas;18;octubre;5118;
2020;Santo Domingo de los Tsáchilas;18;octubre;5118;5118
2020;Santo Domingo de los Tsáchilas;19;octubre;5124;
2020;Santo Domingo de los Tsáchilas;19;octubre;5124;5124
2020;Santo Domingo de los Tsáchilas;20;octubre;5133;
2020;Santo Domingo de los Tsáchilas;20;octubre;5133;5133
2020;Santo Domingo de los Tsáchilas;21;octubre;5151;
2020;Santo Domingo de los Tsáchilas;21;octubre;5151;5151
2020;Santo Domingo de los Tsáchilas;22;octubre;5152;
2020;Santo Domingo de los Tsáchilas;22;octubre;5152;5152
2020;Santo Domingo de los Tsáchilas;23;octubre;5169;
2020;Santo Domingo de los Tsáchilas;23;octubre;5169;5169
2020;Santo Domingo de los Tsáchilas;24;octubre;5178;
2020;Santo Domingo de los Tsáchilas;24;octubre;5178;5178
2020;Santo Domingo de los Tsáchilas;25;octubre;5193;
2020;Santo Domingo de los Tsáchilas;25;octubre;5193;5193
2020;Santo Domingo de los Tsáchilas;26;octubre;5208;
2020;Santo Domingo de los Tsáchilas;26;octubre;5208;5208
2020;Santo Domingo de los Tsáchilas;27;octubre;5211;
2020;Santo Domingo de los Tsáchilas;27;octubre;5211;5211
2020;Santo Domingo de los Tsáchilas;28;octubre;5230;
2020;Santo Domingo de los Tsáchilas;28;octubre;5230;5230
2020;Santo Domingo de los Tsáchilas;29;octubre;5251;
2020;Santo Domingo de los Tsáchilas;29;octubre;5251;5251
2020;Santo Domingo de los Tsáchilas;30;octubre;5265;
2020;Santo Domingo de los Tsáchilas;30;octubre;5265;5265
2020;Santo Domingo de los Tsáchilas;31;octubre;5274;
2020;Santo Domingo de los Tsáchilas;31;octubre;5274;5274
2020;Santo Domingo de los Tsáchilas;1;noviembre;5293;
2020;Santo Domingo de los Tsáchilas;1;noviembre;5293;5293
2020;Santo Domingo de los Tsáchilas;2;noviembre;5294;
2020;Santo Domingo de los Tsáchilas;2;noviembre;5294;5294
2020;Santo Domingo de los Tsáchilas;3;noviembre;5297;
2020;Santo Domingo de los Tsáchilas;3;noviembre;5297;5297
2020;Santo Domingo de los Tsáchilas;4;noviembre;5301;
2020;Santo Domingo de los Tsáchilas;4;noviembre;5301;5301
2020;Santo Domingo de los Tsáchilas;5;noviembre;5304;
2020;Santo Domingo de los Tsáchilas;5;noviembre;5304;5304
2020;Santo Domingo de los Tsáchilas;6;noviembre;5322;
2020;Santo Domingo de los Tsáchilas;6;noviembre;5322;5322
2020;Santo Domingo de los Tsáchilas;7;noviembre;5323;
2020;Santo Domingo de los Tsáchilas;7;noviembre;5323;5323
2020;Santo Domingo de los Tsáchilas;8;noviembre;5342;
2020;Santo Domingo de los Tsáchilas;8;noviembre;5342;5342
2020;Santo Domingo de los Tsáchilas;9;noviembre;5347;
2020;Santo Domingo de los Tsáchilas;9;noviembre;5347;5347
2020;Santo Domingo de los Tsáchilas;10;noviembre;5351;
2020;Santo Domingo de los Tsáchilas;10;noviembre;5351;5351
2020;Santo Domingo de los Tsáchilas;11;noviembre;5356;
2020;Santo Domingo de los Tsáchilas;11;noviembre;5356;5356
2020;Santo Domingo de los Tsáchilas;12;noviembre;5370;
2020;Santo Domingo de los Tsáchilas;12;noviembre;5370;5370
2020;Santo Domingo de los Tsáchilas;13;noviembre;5382;
2020;Santo Domingo de los Tsáchilas;13;noviembre;5382;5382
2020;Santo Domingo de los Tsáchilas;14;noviembre;5392;
2020;Santo Domingo de los Tsáchilas;14;noviembre;5392;5392
2020;Santo Domingo de los Tsáchilas;15;noviembre;5403;
2020;Santo Domingo de los Tsáchilas;15;noviembre;5403;5403
2020;Santo Domingo de los Tsáchilas;16;noviembre;5409;
2020;Santo Domingo de los Tsáchilas;16;noviembre;5409;5409
2020;Santo Domingo de los Tsáchilas;17;noviembre;5415;
2020;Santo Domingo de los Tsáchilas;17;noviembre;5415;5415
2020;Santo Domingo de los Tsáchilas;18;noviembre;5435;
2020;Santo Domingo de los Tsáchilas;18;noviembre;5435;5435
2020;Santo Domingo de los Tsáchilas;19;noviembre;5439;
2020;Santo Domingo de los Tsáchilas;19;noviembre;5439;5439
2020;Santo Domingo de los Tsáchilas;20;noviembre;5441;
2020;Santo Domingo de los Tsáchilas;20;noviembre;5441;5441
2020;Santo Domingo de los Tsáchilas;21;noviembre;5444;
2020;Santo Domingo de los Tsáchilas;21;noviembre;5444;5444
2020;Santo Domingo de los Tsáchilas;22;noviembre;5452;
2020;Santo Domingo de los Tsáchilas;22;noviembre;5452;5452
2020;Santo Domingo de los Tsáchilas;23;noviembre;5453;
2020;Santo Domingo de los Tsáchilas;23;noviembre;5453;5453
2020;Santo Domingo de los Tsáchilas;24;noviembre;5456;
2020;Santo Domingo de los Tsáchilas;24;noviembre;5456;5456
2020;Santo Domingo de los Tsáchilas;25;noviembre;5464;
2020;Santo Domingo de los Tsáchilas;25;noviembre;5464;5464
2020;Santo Domingo de los Tsáchilas;26;noviembre;5481;
2020;Santo Domingo de los Tsáchilas;26;noviembre;5481;5481
2020;Santo Domingo de los Tsáchilas;27;noviembre;5495;
2020;Santo Domingo de los Tsáchilas;27;noviembre;5495;5495
2020;Santo Domingo de los Tsáchilas;28;noviembre;5507;
2020;Santo Domingo de los Tsáchilas;28;noviembre;5507;5507
2020;Santo Domingo de los Tsáchilas;29;noviembre;5515;
2020;Santo Domingo de los Tsáchilas;29;noviembre;5515;5515
2020;Santo Domingo de los Tsáchilas;30;noviembre;5628;
2020;Santo Domingo de los Tsáchilas;30;noviembre;5628;5628
2020;Santo Domingo de los Tsáchilas;1;diciembre;5631;
2020;Santo Domingo de los Tsáchilas;1;diciembre;5631;5631
2020;Santo Domingo de los Tsáchilas;2;diciembre;5652;
2020;Santo Domingo de los Tsáchilas;2;diciembre;5652;5652
2020;Santo Domingo de los Tsáchilas;3;diciembre;5667;
2020;Santo Domingo de los Tsáchilas;3;diciembre;5667;5667
2020;Santo Domingo de los Tsáchilas;4;diciembre;5667;
2020;Santo Domingo de los Tsáchilas;4;diciembre;5667;5667
2020;Santo Domingo de los Tsáchilas;5;diciembre;5667;
2020;Santo Domingo de los Tsáchilas;5;diciembre;5667;5667
2020;Santo Domingo de los Tsáchilas;6;diciembre;5689;
2020;Santo Domingo de los Tsáchilas;6;diciembre;5689;5689
2020;Santo Domingo de los Tsáchilas;7;diciembre;5689;
2020;Santo Domingo de los Tsáchilas;7;diciembre;5689;5689
2020;Santo Domingo de los Tsáchilas;8;diciembre;5689;
2020;Santo Domingo de los Tsáchilas;8;diciembre;5689;5689
2020;Santo Domingo de los Tsáchilas;9;diciembre;5697;
2020;Santo Domingo de los Tsáchilas;9;diciembre;5697;5697
2020;Santo Domingo de los Tsáchilas;10;diciembre;5701;
2020;Santo Domingo de los Tsáchilas;10;diciembre;5701;5701
2020;Santo Domingo de los Tsáchilas;11;diciembre;5711;
2020;Santo Domingo de los Tsáchilas;11;diciembre;5711;5711
2020;Santo Domingo de los Tsáchilas;12;diciembre;5722;
2020;Santo Domingo de los Tsáchilas;12;diciembre;5722;5722
2020;Santo Domingo de los Tsáchilas;13;diciembre;5743;
2020;Santo Domingo de los Tsáchilas;13;diciembre;5743;5743
2020;Santo Domingo de los Tsáchilas;14;diciembre;5744;
2020;Santo Domingo de los Tsáchilas;14;diciembre;5744;5744
2020;Santo Domingo de los Tsáchilas;15;diciembre;5744;
2020;Santo Domingo de los Tsáchilas;15;diciembre;5744;5744
2020;Santo Domingo de los Tsáchilas;16;diciembre;5756;
2020;Santo Domingo de los Tsáchilas;16;diciembre;5756;5756
2020;Santo Domingo de los Tsáchilas;17;diciembre;5763;
2020;Santo Domingo de los Tsáchilas;17;diciembre;5763;5763
2020;Santo Domingo de los Tsáchilas;18;diciembre;5768;
2020;Santo Domingo de los Tsáchilas;18;diciembre;5768;5768
2020;Santo Domingo de los Tsáchilas;19;diciembre;5776;
2020;Santo Domingo de los Tsáchilas;19;diciembre;5776;5776
2020;Santo Domingo de los Tsáchilas;20;diciembre;5777;
2020;Santo Domingo de los Tsáchilas;20;diciembre;5777;5777
2020;Santo Domingo de los Tsáchilas;21;diciembre;5777;
2020;Santo Domingo de los Tsáchilas;21;diciembre;5777;5777
2020;Santo Domingo de los Tsáchilas;22;diciembre;5777;
2020;Santo Domingo de los Tsáchilas;22;diciembre;5777;5777
2020;Santo Domingo de los Tsáchilas;23;diciembre;5785;
2020;Santo Domingo de los Tsáchilas;23;diciembre;5785;5785
2020;Santo Domingo de los Tsáchilas;24;diciembre;5799;
2020;Santo Domingo de los Tsáchilas;24;diciembre;5799;5799
2020;Santo Domingo de los Tsáchilas;25;diciembre;5820;
2020;Santo Domingo de los Tsáchilas;25;diciembre;5820;5820
2020;Santo Domingo de los Tsáchilas;26;diciembre;5821;
2020;Santo Domingo de los Tsáchilas;26;diciembre;5821;5821
2020;Santo Domingo de los Tsáchilas;27;diciembre;5821;
2020;Santo Domingo de los Tsáchilas;27;diciembre;5821;5821
2020;Santo Domingo de los Tsáchilas;28;diciembre;5821;
2020;Santo Domingo de los Tsáchilas;28;diciembre;5821;5821
2020;Santo Domingo de los Tsáchilas;29;diciembre;5821;
2020;Santo Domingo de los Tsáchilas;29;diciembre;5821;5821
2020;Santo Domingo de los Tsáchilas;30;diciembre;5873;
2020;Santo Domingo de los Tsáchilas;30;diciembre;5873;5873
2020;Santo Domingo de los Tsáchilas;31;diciembre;5914;
2020;Santo Domingo de los Tsáchilas;31;diciembre;5914;5914
2021;Santo Domingo de los Tsáchilas;1;enero;5915;
2021;Santo Domingo de los Tsáchilas;1;enero;5915;5915
2021;Santo Domingo de los Tsáchilas;2;enero;5929;
2021;Santo Domingo de los Tsáchilas;2;enero;5929;5929
2021;Santo Domingo de los Tsáchilas;3;enero;5929;
2021;Santo Domingo de los Tsáchilas;3;enero;5929;5929
2021;Santo Domingo de los Tsáchilas;4;enero;5931;
2021;Santo Domingo de los Tsáchilas;4;enero;5931;5931
2021;Santo Domingo de los Tsáchilas;5;enero;5968;
2021;Santo Domingo de los Tsáchilas;5;enero;5968;5968
2021;Santo Domingo de los Tsáchilas;6;enero;6040;
2021;Santo Domingo de los Tsáchilas;6;enero;6040;6040
2021;Santo Domingo de los Tsáchilas;7;enero;6042;
2021;Santo Domingo de los Tsáchilas;7;enero;6042;6042
2021;Santo Domingo de los Tsáchilas;8;enero;6043;
2021;Santo Domingo de los Tsáchilas;8;enero;6043;6043
2021;Santo Domingo de los Tsáchilas;9;enero;6074;
2021;Santo Domingo de los Tsáchilas;9;enero;6074;6074
2021;Santo Domingo de los Tsáchilas;10;enero;6074;
2021;Santo Domingo de los Tsáchilas;10;enero;6074;6074
2021;Santo Domingo de los Tsáchilas;11;enero;6074;
2021;Santo Domingo de los Tsáchilas;11;enero;6074;6074
2021;Santo Domingo de los Tsáchilas;12;enero;6123;
2021;Santo Domingo de los Tsáchilas;12;enero;6123;6123
2021;Santo Domingo de los Tsáchilas;13;enero;6151;
2021;Santo Domingo de los Tsáchilas;13;enero;6151;6151
2021;Santo Domingo de los Tsáchilas;14;enero;6184;
2021;Santo Domingo de los Tsáchilas;14;enero;6184;6184
2021;Santo Domingo de los Tsáchilas;15;enero;6185;
2021;Santo Domingo de los Tsáchilas;15;enero;6185;6185
2021;Santo Domingo de los Tsáchilas;16;enero;6340;
2021;Santo Domingo de los Tsáchilas;16;enero;6340;6340
2021;Santo Domingo de los Tsáchilas;17;enero;6352;
2021;Santo Domingo de los Tsáchilas;17;enero;6352;6352
2021;Santo Domingo de los Tsáchilas;18;enero;6352;
2021;Santo Domingo de los Tsáchilas;18;enero;6352;6352
2021;Santo Domingo de los Tsáchilas;19;enero;6357;
2021;Santo Domingo de los Tsáchilas;19;enero;6357;6357
2021;Santo Domingo de los Tsáchilas;20;enero;6416;
2021;Santo Domingo de los Tsáchilas;20;enero;6416;6416
2021;Santo Domingo de los Tsáchilas;21;enero;6429;
2021;Santo Domingo de los Tsáchilas;21;enero;6429;6429